Número do Anúncio;Data de Publicação;Objeto do Procedimento;Entidade(s);Preço Base;CPVs;Tipo de Ato;Modelo do Anúncio;Tipo de Contrato;Diário da República;Série;Ligação para Peças;ID do Procedimento;maximumEstimatedValueUnderFrameworkAgreement
467/2026;09-01-2026;Aquisição da prestação de serviço público de transporte urbano de passageiros em autocarro no Município de Loulé;"Loulé Concelho Global, EM, Unipessoal, SA (505493870)";"168.881,04 €";"60112000-6, Serviços de transporte público rodoviário";Anúncio de concurso urgente;Concurso público;Aquisição de serviços;6;2;https://www.acingov.pt/acingovprod/2/zonaPublica/zona_publica_c/donwloadProcedurePiece/MTA0MTUxMA;8566741;false
423/2026;09-01-2026;Manutenção de AVAC e Sistemas de Águas Quentes Sanitárias;Serviços Municipalizados de Castelo Branco (680017640);"28.000,00 €";"50800000-3, Serviços de reparação e manutenção diversos";Anúncio de procedimento;Concurso público;Aquisição de serviços;6;2;https://www.acingov.pt/acingovprod/2/zonaPublica/zona_publica_c/donwloadProcedurePiece/MTAxMDk3NQ;8566740;false
424/2026;09-01-2026;Fornecimento continuado de Sacos CãoPeão com logotipo personalizado;Serviços Municipalizados de Castelo Branco (680017640);"19.600,00 €";"19640000-4, Sacos de polietileno para recolha de lixo e resíduos";Anúncio de procedimento;Concurso público;Aquisição de bens móveis;6;2;https://www.acingov.pt/acingovprod/2/zonaPublica/zona_publica_c/donwloadProcedurePiece/MTAxMDk4NQ;8566739;false
425/2026;09-01-2026;"PRC/2025/181/DGA/CP - Emp375  Empreitada de ""Reabilitação Exterior dos Digestores da ETAR de Ílhavo";"Águas do Centro Litoral, SA (513606181)";"195.000,00 €";"45259100-8, Reparação e manutenção de estações de tratamento de águas residuais";Anúncio de procedimento;Concurso público;Empreitadas de obras públicas;6;2;https://www.acingov.pt/acingovprod/2/zonaPublica/zona_publica_c/donwloadProcedurePiece/MTAzNjE0Nw;8566738;false
426/2026;09-01-2026;Requalificação Escola Básica e Secundária José Silvestre Ribeiro;Município de Idanha-a-Nova (501121030);"1.992.483,87 €";"45214220-8, Construção de escola secundária";Anúncio de procedimento;Concurso público;Empreitadas de obras públicas;6;2;https://www.acingov.pt/acingovprod/2/zonaPublica/zona_publica_c/donwloadProcedurePiece/OTk5NDU5;8566737;false
429/2026;09-01-2026;Fornecimento de Vestuário de Trabalho  2025;"A. R. M. - Águas e Resíduos da Madeira, SA (509574513)";"195.980,00 €";"18234000-8, Calças<BR/>18331000-8, T-shirts<BR/>18110000-3, Vestuário profissional<BR/>18114000-1, Jardineiras<BR/>18223200-0, Casacos<BR/>18235000-5, Pullovers, casacos de malha e artigos similares<BR/>18221200-6, Anoraques<BR/>18221300-7, Impermeáveis e gabardinas<BR/>35113400-3, Vestuário de protecção e segurança<BR/>18213000-5, Blusões<BR/>18443000-6, Artigos para cobrir a cabeça e seus acessórios<BR/>18333000-2, Camisolas de gola pólo";Anúncio de procedimento;Concurso público;Aquisição de bens móveis;6;2;https://www.acingov.pt/acingovprod/2/zonaPublica/zona_publica_c/donwloadProcedurePiece/MTA0MDg0Nw;8566736;false
430/2026;09-01-2026;"Aquisição de serviço de transporte e encaminhamento de Sub-Produtos Animais da Categoria M1, M2 e M3 2026 - 2027";Municipio de Bragança (506215547);"30.000,00 €";"90511000-2, Serviços de recolha de resíduos";Anúncio de procedimento;Concurso público;Aquisição de serviços;6;2;https://www.acingov.pt/acingovprod/2/zonaPublica/zona_publica_c/donwloadProcedurePiece/MTAzNjEzMQ;8566735;false
431/2026;09-01-2026;Aquisição de Serviços de Deservagem em Meio Rural na Freguesia de Rio Maior ;Freguesia de Rio Maior (506806677);"147.000,00 €";"90610000-6, Serviços de limpeza e varrimento de ruas";Anúncio de procedimento;Concurso público;Aquisição de serviços;6;2;https://community.vortal.biz/Public/public-tender-documents/Mml1U1V1WjRnMEdwU3FieWM0cUk5Wmd4cmdyTDlCT1ROejk4L2hZTVRhelB1WDduK3dVN0UydXVmTGx5TytwQTJpcEFGb281UkpoZFNrR1BDMStncXc9PThrNDBh;8566734;false
432/2026;09-01-2026;"Substituição de passadiços flutuantes no interior da Doca dos Pescadores  linha 3 e longitudinais de apoio, em Setúbal";"APSS - Administração dos Portos de Setúbal e Sesimbra, SA (502256869)";"450.000,00 €";"45246510-1, Construção de passadiço";Anúncio de procedimento;Concurso público;Empreitadas de obras públicas;6;2;https://www.acingov.pt/acingovprod/2/zonaPublica/zona_publica_c/donwloadProcedurePiece/MTAzNjExNA;8566733;false
433/2026;09-01-2026;93-2025-Fornecimento de Leite Escolar até 31 de Dezembro de 2027;Município de Baião (506854299);"31.756,74 €";"15511000-3, Leite";Anúncio de procedimento;Concurso público;Aquisição de bens móveis;6;2;https://www.anogov.com/cm-baiao/faces/app/acessoDocs.jsp?codigoAcesso=1XrbWf9SOZpEHscBNgMEPJvRZ3Ll8ytZbnyX3k5lCGhsKATLrT;8566732;false
435/2026;09-01-2026;REFORMULAÇÃO DOS CANIS DO POSTO DA GNR (REQUALIFICAÇÃO DOS CANIS DA BRIGADA CINOTÉCNICA DA GNR / CRIAÇÃO DE INSTALAÇÕES PARA OS OPERACIONAIS E SALA PARA O SEPNA) - PROC. N.º 64/2025;Município de Pombal (506334562);"149.600,00 €";"45216110-8, Obras de construção de edifícios destinados às forças policiais";Anúncio de procedimento;Concurso público;Empreitadas de obras públicas;6;2;https://www.acingov.pt/acingovprod/2/zonaPublica/zona_publica_c/donwloadProcedurePiece/MTAwOTM3Mw;8566731;false
437/2026;09-01-2026;Eixos Principais - Pavimentação - Execução de Obra;Município da Amadora (505456010);"550.889,54 €";"45233200-1, Obras diversas de pavimentação";Anúncio de procedimento;Concurso público;Empreitadas de obras públicas;6;2;https://community.vortal.biz/Public/public-tender-documents/RjMyL2xrbDlVc0JaZkZwUS9zQ28yRFBuRS9ZcWtZc2cwOERPQkRZK3pERFNvOTJTRGhXZmVMRGMyMm1HNFFBRVlYaVlFRGVKcEsyYUowUzYxYk5hZ1E9PTMzOGhi;8566730;false
438/2026;09-01-2026;Repavimentação de vias do Concelho - 8ª fase;Município de Águeda (501090436);"713.000,00 €";"45233252-0, Pavimentação de ruas";Anúncio de procedimento;Concurso público;Empreitadas de obras públicas;6;2;https://www.acingov.pt/acingovprod/2/zonaPublica/zona_publica_c/donwloadProcedurePiece/MTAwOTMzMQ;8566729;false
440/2026;09-01-2026;051/2025 Aquisição de serviços para a remoção de bens e limpeza dos fogos devolutos em edifícios do parque habitacional no concelho de Cascais;"Cascais Envolvente, Gestão Social da Habitação, E.M., S.A (504538314)";"25.000,00 €";"90911000-6, Serviços de limpeza de alojamentos, edifícios e janelas";Anúncio de procedimento;Concurso público;Aquisição de serviços;6;2;https://www.acingov.pt/acingovprod/2/zonaPublica/zona_publica_c/donwloadProcedurePiece/MTAzNjEzNw;8566727;false
441/2026;09-01-2026;ASSISTÊNCIA TÉCNICA AOS PRODUTOS E EQUIPAMENTOS DE SEGURANÇA CONTRA INCÊNDIO EM EDIFÍCIOS (SCIE) PARA O INEM;"Instituto Nacional de Emergência Médica, IP (501356126)";"82.350,00 €";"50413200-5, Serviços de reparação e manutenção de equipamento de combate a incêndios";Anúncio de procedimento;Concurso público;Aquisição de serviços;6;2;https://www.acingov.pt/acingovprod/2/zonaPublica/zona_publica_c/donwloadProcedurePiece/MTA0MTQ0Nw;8566726;false
442/2026;09-01-2026;"Execução de Muro no Covelo em Rubiães, Saneamento de Raízes e Repavimentação da Travessa de Sabariz em Romarigães, Repavimentação da Rua da Telhada e Rua do Meijal em São Martinho de Coura";Município de Paredes de Coura (506632938);"61.193,50 €";"45262510-9, Obras em pedra";Anúncio de procedimento;Concurso público;Empreitadas de obras públicas;6;2;https://community.vortal.biz/Public/public-tender-documents/bXd4YWNya05MY293bStSa3A2dWxhQWliV3ArZGNMMHVhU3ZQVzZIRWJVRU9DYVdnVlZxaXNjZ093KzF4Unk2WTRZdVBTOVNXWHB3UWZKWkovalYxY2c9PUJNXlF3;8566725;false
443/2026;09-01-2026;Prestação de serviços de manutenção corretiva de válvulas das estações elevatórias de Pedrogão - Margem Direita e dos Caliços-Grande Reparação;EDIA-EMPRESA DE DESENVOLVIMENTO E INFRA-ESTRUTURAS (503450189);"90.000,00 €";"50512000-7, Serviços de reparação e manutenção de válvulas";Anúncio de procedimento;Concurso público;Aquisição de serviços;6;2;https://community.vortal.biz/Public/public-tender-documents/NjZicklUR2c2WW1RWVlNd2dZK0N3OWc4VjhwZTN0a1pIZ21HdEF1UjNXTGdsVU80eUpGaW93ZHcxb1FlZ2xzeUh3eFJQdGNEMk1PSllybzVZVXlFK0E9PXNtaWYr;8566724;false
446/2026;09-01-2026;Centro de Saúde de Santo António - Implementação de Medidas de Melhoria Energética;Secretaria Regional de Equipamentos e Infraestruturas (671001329);"105.000,00 €";"45310000-3, Obras de instalação eléctrica";Anúncio de procedimento;Concurso público;Empreitadas de obras públicas;6;2;https://www.acingov.pt/acingovprod/2/zonaPublica/zona_publica_c/donwloadProcedurePiece/MTAzOTU5Mg;8566723;false
447/2026;09-01-2026;"CP/262/2026 Aquisição de Alimentação Entérica, para a ULSTMAD, EPE";"Unidade Local de Saúde de Trás-os-Montes e Alto Douro, EPE (508100496)";"220.412,00 €";"33600000-6, Produtos farmacêuticos";Anúncio de procedimento;Concurso público;Aquisição de bens móveis;6;2;https://community.vortal.biz/Public/public-tender-documents/UmhNMVk0M1J6aEludHZKMzNWSHVhQVIwbjNUU3YvTjBEMTBLdjVPQm9CcGM5b3hFeEZVTVR3SUR4SmxQNkQ3NnBOWmlBODhOVlZxbVRqRU10Nitub1E9PWN1Uzko;8566721;false
449/2026;09-01-2026;AQUISIÇÃO DE COMPUTADORES PORTÁTEIS;"Pombal Prof - Sociedade de Educação e Ensino Profissional, SA (504609696)";"72.535,75 €";"30213100-6, Computadores portáteis";Anúncio de procedimento;Concurso público;Aquisição de bens móveis;6;2;https://www.acingov.pt/acingovprod/2/zonaPublica/zona_publica_c/donwloadProcedurePiece/MTA0MDgyOA;8566719;false
450/2026;09-01-2026;CPBL2602 - SISTEMA DE PRODUÇÃO DE BLOCOS E ROLHAS AGLOMERADAS DE CORTIÇA;Centro Formação Profissional Indústria de Cortiça (900220538);"215.885,00 €";"42642300-1, Máquinas-ferramentas para trabalhar cortiça";Anúncio de procedimento;Concurso público;Aquisição de bens móveis;6;2;https://www.compraspt.com/cpt-cincork/faces/app/acessoDocs.jsp?codigoAcesso=p1rnMF7gUMFz3FzSscukLvs6QANMA0S643GMZRFid3aR8Zpegr;8566718;false
451/2026;09-01-2026;Aquisição de Serviços de Transportes;Agrupamento de Escolas de Arganil (600084469);"80.000,00 €";"60130000-8, Serviços de transporte rodoviário de passageiros com finalidade específica";Anúncio de procedimento;Concurso público;Aquisição de serviços;6;2;https://community.vortal.biz/Public/public-tender-documents/L1lEQ0xnaWdZc3BiREYwNnBmdkRJakNqWlN3Wk84N3JUMm5BbjVtU3Y3aHNVdERIWm91NDF1VXpkYkpTV1Q4U3ppUEtyU0lYMGlRS2tFbnBsS1BDMWc9PTJAZilo;8566717;false
452/2026;09-01-2026;REAGENTES PARA IMUNOHISTOQUÍMICA;"Unidade Local de Saúde do Baixo Alentejo, EPE (508754275)";"95.445,00 €";"33696500-0, Reagentes de laboratório";Anúncio de procedimento;Concurso público;Aquisição de bens móveis;6;2;https://community.vortal.biz/Public/public-tender-documents/MVRmZmtrNFY1eGVDSHlNVkp1a1oyQzd2S1VrZWx3VGxhc2xybkltU0tCYVhybWM5cUp3c21YU1JNa01uR0hQWUZzak90a1VFSlhIakwyWjR4VFF4ZGc9PU40X0JO;8566716;false
453/2026;09-01-2026;"Empreitada de Revestimento das paredes de contenção das rampas de acesso ao estacionamento do Edifício sito na Praça José Fontana, 36-39 a Rua Sousa Martins, 24-28 e Rua Sousa Martins, 22";Santa Casa da Misericórdia de Lisboa (500745471);"28.000,00 €";"45260000-7, Edificação de coberturas e outras construções especializadas";Anúncio de procedimento;Concurso público;Empreitadas de obras públicas;6;2;https://www.acingov.pt/acingovprod/2/zonaPublica/zona_publica_c/donwloadProcedurePiece/MTAxMjA5OA;8566715;false
454/2026;09-01-2026;Prestação de serviços de manutenção da estufa de pintura automóvel da Aldeia de Santa Isabel;Santa Casa da Misericórdia de Lisboa (500745471);"15.525,00 €";"50110000-9, Serviços de reparação e manutenção de veículos e equipamento afim";Anúncio de procedimento;Concurso público;Aquisição de serviços;6;2;https://www.acingov.pt/acingovprod/2/zonaPublica/zona_publica_c/donwloadProcedurePiece/MTAxMDg5NQ;8566714;false
457/2026;09-01-2026;Aquisição de 1 Unidade Dentária Móvel para Serviço de Estomatologia;"Unidade Local de Saúde de São João, EPE (509821197)";"12.000,00 €";"33100000-1, Equipamento médico";Anúncio de procedimento;Concurso público;Aquisição de bens móveis;6;2;https://community.vortal.biz/Public/public-tender-documents/bnpLQWxFa2tJWWQ2aFphSTVJdUN2YkVyU1FXWEFoejNYakxVb2M5MVFVdDQ0SEg0T2dLbS82bFROTEtSdmFUUGdJRi9aa3E1R0ljd0Q1OWlpcTBLL2c9PTZ6KSgx;8566711;false
458/2026;09-01-2026;Aquisição de serviços de objeto aquisição de Serviços de Implementação de Sistema Integrado de Operação Aérea com Drones de Transporte;"Unidade Local de Saúde de São João, EPE (509821197)";"145.000,00 €";"60444000-2, Serviços de operação de aeronaves";Anúncio de procedimento;Concurso público;Aquisição de serviços;6;2;https://community.vortal.biz/Public/public-tender-documents/czczMVpIZXVOY00wb3pYb016dFN5T0xhUCs3K2l2b2ptSnhqSnZYZG5QU3ZBZTk5WW9hUCtLZWhjS2xGakpWZ2VxNnZnRWFyNGxVSDUySFF2Uks2R1E9PWlVN0JF;8566710;false
459/2026;09-01-2026;Aquisição de Serviços de Fiscalização e Coordenação de Segurança em Obra para diversas Empreitadas a desenvolver na Faculdade de Medicina de Lisboa em 2025/2026;Faculdade de Medicina Universidade de Lisboa (502662875);"121.325,87 €";"71000000-8, Serviços de arquitectura, construção, engenharia e inspecção";Anúncio de procedimento;Concurso público;Aquisição de serviços;6;2;https://www.acingov.pt/acingovprod/2/zonaPublica/zona_publica_c/donwloadProcedurePiece/MTA0MDc5Ng;8566709;false
460/2026;09-01-2026;CNC894/OA/2025  Seguro de Saúde OA;Ordem dos Advogados (500965099);"197.000,00 €";"66512200-4, Serviços de seguros de saúde";Anúncio de procedimento;Concurso público;Aquisição de serviços;6;2;https://community.vortal.biz/Public/public-tender-documents/YVo0aHNPR0FCUitxeDBrUVR6Wmx6bzVCNHZQNGN2M0JJOExKVS83YjU0L3RpWXFrS3IvNmpsM2MxazNzMnBDSUptWG5mcG9UL3dsMWRySXdXSDlrMHc9PUBhJTZt;8566708;false
463/2026;09-01-2026;Aquisição de serviços e bens para veículos pesados da marca Volvo;Município de Palmela (506187543);"150.000,00 €";"50114000-7, Serviços de reparação e manutenção de camiões";Anúncio de procedimento;Concurso público;Aquisição de serviços;6;2;https://community.vortal.biz/Public/public-tender-documents/SVhaVnVBZ0FYNVYxa2huNUJRN3k5bnR3aUh6WXpKNll3cmJxNnN1QnQrb0ZYK1I1aThqbkttZ3hFVDlwb0VTcjYrbGtwOGdtbkJNYXBwWFFYbWxhamc9PVJJKm0y;8566705;false
464/2026;09-01-2026;Licenciamento de software para gestão das competências municipais na área da educação;Município de Palmela (506187543);"170.800,04 €";"72510000-3, Serviços de gestão relacionados com a informática";Anúncio de procedimento;Concurso público;Aquisição de serviços;6;2;https://community.vortal.biz/Public/public-tender-documents/M3pHRUxnMExIT0J6YlNpdjN5TmZsRGxXU1BHanRoSk9udndOMkpGaHpNOUtMMWlBaTBCcGJzUEM4OE5zc0dicjdFb3FUS3lXTHQxN3ZMYks5VjJRdlE9PW5TTDk4;8566704;false
465/2026;09-01-2026;Análises de água para consumo humano;Município de Avis (502789824);"18.500,00 €";"71620000-0, Serviços de análise";Anúncio de procedimento;Concurso público;Aquisição de serviços;6;2;https://community.vortal.biz/Public/public-tender-documents/L3ViVk5YQXA3TWs3UmIvc2hJZmVNcTBWSDFzeUdHbW05cjhmclFMNGU4UkFNd2pSdlY5S0JOK3EyMkw2MEhPMFJzR2MvSklMUFV5Z1JqQzVnU3R3Z3c9PWNZdSoo;8566703;false
466/2026;09-01-2026;"CONCURSO PÚBLICO PARA AQUISIÇÃO DE FARDAMENTO, EMBLEMAS E INSIGNIAS POLICIAIS – FORNECIMENTO CONTINUO 67DAP25 MP/7/CPN/B/26";Município de Paredes (506656128);"45.000,00 €";"35811200-4, Uniformes para a polícia";Anúncio de procedimento;Concurso público;Aquisição de bens móveis;6;2;https://community.vortal.biz/Public/public-tender-documents/TFhsQkpEWkFmYURtZ0JLaXRVT3FHYTlGRWJkRktxOW0xWnhmcFlLV3dTUVhmQ241bE03NnhsdVFKZGtDMFdLZVcxOWRucFJyRUQ2VGp5SUtyTWZla3c9PU9oNm9V;8566702;false
381/2026;09-01-2026;"CP n.º 10/2025 - Contratação de Prestação de Serviços: Adaptação do PMUS do Algarve, Geração 2.0";CI-AMAL - Comunidade Intermunicipal do Algarve (502971096);"135.000,00 €";"71311200-3, Serviços de consultoria em sistemas de transportes";Anúncio de procedimento;Concurso público;Aquisição de serviços;6;2;https://www.acingov.pt/acingovprod/2/zonaPublica/zona_publica_c/donwloadProcedurePiece/MTAzNjE3MA;8552436;false
382/2026;09-01-2026;"Aquisição de Carne de Ovino e Caprino (fresca e ultracongelada) para as Unidades Hoteleiras, sitas em Vila Nova de Cerveira, Manteigas, Piódão e Castelo de Vide, da Fundação INATEL";Fundação INATEL (500122237);"25.055,85 €";"15117000-1, Carne de caprino";Anúncio de procedimento;Concurso público;Aquisição de bens móveis;6;2;https://www.acingov.pt/acingovprod/2/zonaPublica/zona_publica_c/donwloadProcedurePiece/MTA0MTMyMA;8552435;false
383/2026;09-01-2026;CP 01/2026 - AQUISIÇÃO DE VIATURA ELÉTRICA  5 LUGARES;Associação de Promoção Social Cultural e Desportiva de Fornos de Algodres (501799290);"25.284,20 €";"34110000-1, Automóveis de passageiros";Anúncio de procedimento;Concurso público;Aquisição de bens móveis;6;2;https://www.acingov.pt/acingovprod/2/zonaPublica/zona_publica_c/donwloadProcedurePiece/MTA0MDgyMw;8552434;false
384/2026;09-01-2026;"Execução da Empreitada de Construção da 1.ª Fase do Parque de Material e Oficinas (PMO) dos TUB - Transportes Urbanos de Braga, E.M.";"TUB - Transportes Urbanos de Braga, EM (504807684)";"450.000,00 €";"45213350-1, Obras de construção de edifícios relacionados com vários meios de transporte";Anúncio de procedimento;Concurso público;Empreitadas de obras públicas;6;2;https://www.acingov.pt/acingovprod/2/zonaPublica/zona_publica_c/donwloadProcedurePiece/MTAzNzA2NA;8552432;false
385/2026;09-01-2026;Aluguer de Stands e Mobiliário para a Feira do Queijo de 2026;Município de Serpa (501112049);"149.450,00 €";"39154000-6, Equipamento para exposições";Anúncio de procedimento;Concurso público;"Aquisição de serviços; Locação de bens móveis";6;2;https://community.vortal.biz/Public/public-tender-documents/Mm01Qnppb0FvdWtWVTNVdHNzNnhrK3Z1cWJqNWtUR3ZJaU83MGZtU0hGdUcwQWprVnpsTEEyNDI1UTZzR0pvaVg1TklDWC9Fa3MwMi82R2JES2tKdnc9PXpwc0tE;8552431;false
386/2026;09-01-2026;"Empreitada de Reabilitação de Moradia  Rua da Lucinda n.º 32, Ribeirinha  Lajes (U152), no âmbito do Plano de Recuperação e Resiliência, Investimento RE-C02-I01  Programa de Apoio ao Acesso à Habitação";Município das Lajes do Pico (512074143);"81.650,00 €";"45000000-7, Construção";Anúncio de procedimento;Concurso público;Empreitadas de obras públicas;6;2;https://www.acingov.pt/acingovprod/2/zonaPublica/zona_publica_c/donwloadProcedurePiece/MTA0MTMxMQ;8552429;false
387/2026;09-01-2026;"Empreitada de Reabilitação de Moradia  Fetais n.º 57, Piedade  Lajes (U554), no âmbito do Plano de Recuperação e Resiliência, Investimento RE-C02-I01  Programa de Apoio ao Acesso à Habitação";Município das Lajes do Pico (512074143);"99.100,00 €";"45453100-8, Obras de recuperação";Anúncio de procedimento;Concurso público;Empreitadas de obras públicas;6;2;https://www.acingov.pt/acingovprod/2/zonaPublica/zona_publica_c/donwloadProcedurePiece/MTA0MTMwNg;8552428;false
388/2026;09-01-2026;"Prestação de Serviços para Fiscalização da empreitada de conceção-construção de intervenção na Farmácia Hospitalar, para o HFF, integrado na ULSASI, E.P.E.";"Unidade Local de Saúde de Amadora/Sintra, EPE (503035416)";"125.000,00 €";"71247000-1, Supervisão de trabalhos de construção";Anúncio de procedimento;Concurso público;Aquisição de serviços;6;2;https://community.vortal.biz/Public/public-tender-documents/YTQ5V2hrWWFPdXFVU0d0cWpyTU9VN3YweUhsR2EyM2lGeDdQOUZNNWxneXdaeU84YlA1QzRXaXdHSW1scVpSWlpXeVhFMzNUYXAwcjBJRjBsc1BxN3c9PU92THZz;8552426;false
389/2026;09-01-2026;Aquisição de comando manual ;"Infraestruturas de Portugal, SA (503933813)";"39.940,00 €";"34946120-7, Material ferroviário";Anúncio de procedimento;Concurso público;Aquisição de bens móveis;6;2;https://www.anogov.com/infraestruturasdeportugal-ip/faces/app/acessoDocs.jsp?codigoAcesso=zRttRGYPskoajpzNu3Y24n6P3IulM5V6yJz3dyvEWO2fxrJ7Bn;8552424;false
390/2026;09-01-2026;CONTRATO DE AQUISIÇÃO DE SERVIÇOS PARA A ORGANIZAÇÃO E IMPLEMENTAÇÃO DE UM PROGRAMA DE APOIO À PROMOÇÃO DAS APRENDIZAGENS DOS ALUNOS DO 2.º E DO 3.º CICLO DO ENSINO BÁSICO;Município de Santo Tirso (501306870);"83.000,00 €";"98133000-4, Serviços prestados por organizações associativas de carácter social";Anúncio de procedimento;Concurso público;Aquisição de serviços;6;2;https://community.vortal.biz/Public/public-tender-documents/b1UyajZ2M1R4c0lyZ09pdU0xaFdCQlRXK3hTNmM0eW9vN1BTSXZlakVTTGdka2Q1Q0cxQy82a3ltenpYRHMyaW1qZ0hVd3JQQ2Z1bnkyMEtCZ0c5NEE9PU9vNEIr;8552423;false
391/2026;09-01-2026;Serviços de manutenção do licenciamento SAS;Banco de Portugal (500792771);"179.886,00 €";"72267000-4, Serviços de manutenção e reparação de software";Anúncio de procedimento;Concurso público;Aquisição de serviços;6;2;https://community.vortal.biz/Public/public-tender-documents/cW9vaUJndGFocFE2YVZmdWh1U0hvZG9HMWo0aU84TThTdElwdHMrZ3dzN1g4N2FOaDg0cGxvMm11ZVpOMHhreHI0OUZEUFMybWZwL2t4TXBDK0VqbXc9PVElTDB4;8552422;false
392/2026;09-01-2026;Prestação de Serviços de Impressão dos Cadernos de Programação e Brochuras de Programação (Versão em Inglês);"Teatro Nacional de São João, EPE (503966908)";"61.955,00 €";"79810000-5, Serviços de impressão";Anúncio de procedimento;Concurso público;Aquisição de serviços;6;2;https://www.acingov.pt/acingovprod/2/zonaPublica/zona_publica_c/donwloadProcedurePiece/MTA0MTM1OQ;8552420;false
393/2026;09-01-2026;CPBL2601 - SISTEMA DE PRODUÇÃO DE BLOCOS E ROLHAS AGLOMERADAS DE CORTIÇA;Centro Formação Profissional Indústria de Cortiça (900220538);"275.090,00 €";"42642300-1, Máquinas-ferramentas para trabalhar cortiça";Anúncio de procedimento;Concurso público;Aquisição de bens móveis;6;2;https://www.compraspt.com/cpt-cincork/faces/app/acessoDocs.jsp?codigoAcesso=6GzEhBi9JX1UvydDJ6itkdAs7Ld2lynTYSQAv95uG2mz6zEMDK;8552418;false
394/2026;09-01-2026;Empreitada de Alteração e Ampliação do Edifício do Centro de Saúde de Vila Nova de S. Bento.;Município de Serpa (501112049);"698.797,13 €";"45215100-8, Obras de construção de edifícios relacionados com serviços de saúde";Anúncio de procedimento;Concurso público;Empreitadas de obras públicas;6;2;https://community.vortal.biz/Public/public-tender-documents/YmhWR1J6QzN3VnV2UkdySjVQSGcrbTNtSXNIT21EN2hmdXBNRW5rdHdBVG9VVVZSTHVKWloxQTQwc25HVjBWRlZpNmhxV3k5Mk5UYmhVaGErblpFN1E9PSZwKTBE;8552417;false
395/2026;09-01-2026;Aquisição de Serviço de Implementação de Infraestrutura de Cablagem de Fibra Ótica e Cobre;"Cooptécnica - Gustave Eiffel, Cooperativa de Ensino e Formação Técnico Profissional, CRL (502327669)";"219.884,59 €";"32424000-1, Infra-estrutura de rede";Anúncio de procedimento;Concurso público;"Aquisição de bens móveis; Locação de bens móveis";6;2;https://community.vortal.biz/Public/public-tender-documents/U2xyRTNnM01SdkNsaGlFWHRPVXhXTnJNZWNLUGVhK0FpR0J5WDlvMlRTdkJmS2VJOTNmVlVhOU5wd1JXRGpmZTg3eGZybHdxUWw0OGYxM2hEUlc1dHc9PXZLTlpz;8552414;false
396/2026;09-01-2026;"PRC_0452/2025_CLG - Acordo Quadro para Aquisição de Material elétrico - Bóias de Nível para a Águas do Norte, S.A..";"Águas do Norte, SA (513606084)";"27.000,00 €";"31000000-6, Maquinaria, aparelhagem, equipamento e consumíveis eléctricos; iluminação";Anúncio de procedimento;Concurso público;Aquisição de bens móveis;6;2;https://www.acingov.pt/acingovprod/2/zonaPublica/zona_publica_c/donwloadProcedurePiece/MTAzNjEwMQ==;8552413;true
397/2026;09-01-2026;Material de eletrofisiologia de Ablação para taquicardia ventricular e supra-ventricular;"Unidade Local de Saúde do Alto Ave, EPE (508080827)";"714.100,00 €";"33182000-9, Material de assistência à função cardíaca";Anúncio de procedimento;Concurso público;Aquisição de bens móveis;6;2;https://community.vortal.biz/Public/public-tender-documents/akVhc3hpeXkreTZyTDgwQzYyZTE3dnBXVzI0bFRQem00YndZYTljL2s0U1F3d3Z1c3FnQkUvNEVVaGpsVUliOWpiOVE4bFJ5UVR3MS8yMEY0M0VScXc9PU1Ubk9i;8552411;false
398/2026;09-01-2026;"Prestação de serviços de interrupção voluntária da gravidez na ULSLO, E.P.E. em 2026";"Unidade Local de Saúde de Lisboa Ocidental, EPE (507618319)";"248.166,00 €";"85111320-9, Serviços hospitalares de obstetrícia";Anúncio de procedimento;Concurso público;Aquisição de serviços;6;2;https://community.vortal.biz/Public/public-tender-documents/TFdTTVkxNGFmNE12cVNHcU5mNTJZeExTYWNUaFBnM1hwS2U5eGxBVTYyZmtzWEF1czREVk52b0hDWmkvR3BYcEVvaVViNkcrZ0U1aDhrLzVKV3NoMlE9PWVZVzBv;8552410;false
399/2026;09-01-2026;Aquisição de serviços Cloud;"EPAL - Empresa Portuguesa das Águas Livres, SA (500906840)";"360.000,00 €";"72310000-1, Serviços de processamento de dados";Anúncio de procedimento;Concurso público;Aquisição de serviços;6;2;https://www.acingov.pt/acingovprod/2/zonaPublica/zona_publica_c/donwloadProcedurePiece/MTAzNjE1Ng;8552409;false
400/2026;09-01-2026;AQUISIÇÃO DE ARTIGOS EM PAPEL PARA HIGIENE E LIMPEZA;"Unidade Local de Saúde da Lezíria, EPE (506361462)";"499.908,00 €";"33140000-3, Material médico de consumo";Anúncio de procedimento;Concurso público;Aquisição de bens móveis;6;2;https://community.vortal.biz/Public/public-tender-documents/ZjNuVWlCODREMGtFK2ZucHR3ZGFrdlVLQkhZVDFBQitrazZOWUhOdWsvMHprcXZ1WXFxOEI4NlAzM0xRY2FjVUdGMStGQkNsMkk2NXVyWXMyaHlmY1E9PWRkSm9U;8552408;false
402/2026;09-01-2026;Aquisição e Instalação de Sistema de Mamografia Digital;"Unidade Local de Saúde da Lezíria, EPE (506361462)";"400.000,00 €";"33111650-2, Aparelhos para mamografia";Anúncio de procedimento;Concurso público;Aquisição de bens móveis;6;2;https://community.vortal.biz/Public/public-tender-documents/REozMnRGem9zZXdOQkNDdVY0ZEZLUzVRWklieUpJd0tEK3FhWkJwOEhmeXNucmVZMFR3VkRvcVdJVG0ydHZZUWloMWR1KzE4TkhnUE90VEZJcThYTmc9PTMoZ3Q1;8552405;false
404/2026;09-01-2026;Aquisição de Seguros - 2026;Município de Espinho (501158740);"345.000,00 €";"66512000-2, Serviços de seguros de acidentes e de saúde";Anúncio de procedimento;Concurso público;Aquisição de serviços;6;2;https://www.acingov.pt/acingovprod/2/zonaPublica/zona_publica_c/donwloadProcedurePiece/MTAzNjI5OA;8552403;false
405/2026;09-01-2026;"Aquisição de serviços de higiene e limpeza para a Agência para a Competitividade e Inovação, I.P. (IAPMEI), para 2026";"IAPMEI - Agência para a Competitividade e Inovação, IP (501373357)";"254.460,00 €";"90900000-6, Serviços de limpeza e saneamento";Anúncio de procedimento;Concurso público;Aquisição de serviços;6;2;https://www.acingov.pt/acingovprod/2/zonaPublica/zona_publica_c/donwloadProcedurePiece/MTAzNjU1NQ;8552402;false
406/2026;09-01-2026;Fornecimento de 2 Pás Carregadoras de Rodas;"VALORLIS - Valorização e Tratamento de Resíduos Sólidos, SA (503811866)";"446.194,00 €";"43252000-4, Pás carregadoras sem retroescavadora";Anúncio de procedimento;Concurso público;Aquisição de bens móveis;6;2;https://community.vortal.biz/Public/public-tender-documents/YnBmbG1JalNpU0NhdXNRYlZhanRZVExIWitja0E4MDFTeWV4anQrR2pHNzFpZ0RqS29LTGhHdjlEUEtsLzVYZmRnMjV4R1AxamVQbkFGeUh3Y1dsaGc9PVZOVnVY;8552401;false
407/2026;09-01-2026;"Prestação de serviços de realização de meios complementares de diagnóstico e terapêutica, em RM, a utentes da Unidade Local de Saúde de Lisboa Ocidental, E.P.E. no ano de 2026";"Unidade Local de Saúde de Lisboa Ocidental, EPE (507618319)";"1.430.396,60 €";"85150000-5, Serviços de imagiologia médica";Anúncio de procedimento;Concurso público;Aquisição de serviços;6;2;https://community.vortal.biz/Public/public-tender-documents/VG02MXJKcTcvV0pjVjhBNFd5UHo1MzlGSmsrT1BWcjNIR2xSZ2xGV3hSdXp6MVozckwzOVM3cjEyZ3pCc1YzdXA0UXU3Y043aGd0ZGlrOHQyTDhTREE9PUpOZTRm;8552400;false
408/2026;09-01-2026;Eixo Desenvolvimento de Produto - Equipamentos para Avaliação de Rigidez;BIKINNOV - Bike Value Innovation Center - Association (516839268);"480.000,00 €";"38900000-4, Instrumentos diversos de avaliação ou ensaio";Anúncio de procedimento;Concurso público;Aquisição de bens móveis;6;2;https://www.acingov.pt/acingovprod/2/zonaPublica/zona_publica_c/donwloadProcedurePiece/OTk4MTcw;8552399;false
409/2026;09-01-2026;Eixo Desenvolvimento de Produto  Capacitação EMC;BIKINNOV - Bike Value Innovation Center - Association (516839268);"250.000,00 €";"42990000-2, Máquinas diversas para usos específicos";Anúncio de procedimento;Concurso público;Aquisição de bens móveis;6;2;https://www.acingov.pt/acingovprod/2/zonaPublica/zona_publica_c/donwloadProcedurePiece/MTAxMTUyMQ;8552398;false
411/2026;09-01-2026;Acordo Quadro para Aquisição de Bens para a Proteção da Pele para uso ocupacional;"Municípia, Empresa de Cartografia e Sistemas de Informação, SA (504475606)";"1.023,00 €";"33711500-2, Produtos para tratamento da pele";Anúncio de procedimento;Concurso público;Aquisição de bens móveis;6;2;https://community.vortal.biz/Public/public-tender-documents/NTZmYmVORTkvZ3kvSVhsazVOaEhWMUQ1WmEyWWZLUTFwejJ2c2lKazd2Y0pQTVI4Q2J0T3k5azlzVFdTZzJCMW1ESGgvOHJMbndNWno3OTJPaHJFOUE9PTkhMTRY;8552397;true
412/2026;09-01-2026;"Lote de Sessões de Cirurgia Plástica e Reconstrutiva na ULSAM, EPE";"Unidade Local de Saúde do Alto Minho, EPE (508786193)";"249.750,00 €";"85120000-6, Serviços de prática médica e serviços conexos";Anúncio de procedimento;Concurso público;Aquisição de serviços;6;2;https://community.vortal.biz/Public/public-tender-documents/RktZd3JReUVHZ2RDaDF0bGMrazRkZXV4UUpCZGdhREFZcWFkRjgwWFZhaVlXT0JqK1d5ZXMrYktwT2tqMTVsL21qa0VsZ0YyT0V0UEVSV0ZQalhYblE9PUg1VEI4;8552396;false
415/2026;09-01-2026;Próteses Totais da Anca ;"Unidade Local de Saúde do Alto Ave, EPE (508080827)";"338.915,00 €";"33100000-1, Equipamento médico";Anúncio de procedimento;Concurso público;Aquisição de bens móveis;6;2;https://community.vortal.biz/Public/public-tender-documents/Mms2TmMzQjZvdmY4UVdhSHp2eDkxRHMvTUtFL1NRcTFPSzhqaUcrY01Zak00emJqdTltL3pVWlhBc05tYUh0UE5meEtvTktwR3lEMFRnakJlbTg2a2c9PVNvV3k4;8552395;false
417/2026;09-01-2026;Concurso Público CP/1197/2025_HL;"Direção-Geral das Autarquias Locais (600035972), Instituto Português da Qualidade, IP (502225610), Instituto Nacional de Estatística, IP (INE) (502237490), Instituto dos Mercados Públicos, do Imobiliário e da Construção, IP (504739506), Laboratório Nacional de Engenharia Civil, IP (501389660), Comissão para a Cidadania e a Igualdade de Género (600082598), Cinemateca Portuguesa - Museu do Cinema, IP (501603409), Gabinete Nacional de Segurança (600056120), Academia Portuguesa da História (600022730), Academia Nacional de Belas Artes (600020630), Entidade de Serviços Partilhados da Administração Pública, IP (510342191), Direção-Geral do Território (600084965), Direção-geral da Qualificação dos Trabalhadores em Funções Públicas (600084876), Comissão de Recrutamento e Seleção para a Administração Pública (CRESAP) (600086941), Gabinete de Prevenção e Investigação de Acidentes com Aeronaves e de Acidentes Ferroviários (600087034), Autoridade Antidopagem de Portugal (600087301), Agência para a Integração, Migrações e Asilo, IP (517686260), Património Cultural, IP (517842920)";"8.287.265,75 €";"90910000-9, Serviços de limpeza";Anúncio de procedimento;Concurso público;Aquisição de serviços;6;2;https://plataforma-sncp.espap.gov.pt/espap/faces/app/acessoDocs.jsp?codigoAcesso=9II4IRIBN2Oc51J5bJVmknOuTUmXiTXIKshlojPekbWlYRG1H4;8552393;false
418/2026;09-01-2026;Renovação do licenciamento do software PowerCenter e PowerExchange;Autoridade Tributária e Aduaneira (600084779);"498.420,00 €";"48000000-8, Pacotes de software e sistemas de informação";Anúncio de procedimento;Concurso público;Locação de bens móveis;6;2;https://www.acingov.pt/acingovprod/2/zonaPublica/zona_publica_c/donwloadProcedurePiece/MTAzNjA2OQ;8552392;false
420/2026;09-01-2026;Aquisição de Papel Laser com Marca de Água;"Imprensa Nacional - Casa da Moeda, S.A. (500792887)";"274.000,00 €";"30197630-1, Papel para impressão";Anúncio de procedimento;Concurso público;Aquisição de bens móveis;6;2;https://www.acingov.pt/acingovprod/2/zonaPublica/zona_publica_c/donwloadProcedurePiece/MTAzNjk3MA;8552391;false
422/2026;09-01-2026;03-25ETAPCPIMAIA;"Coopetape - Cooperativa de Ensino, CRL (504443127)";"1.416.011,75 €";"39150000-8, Mobiliário e equipamento diverso";Anúncio de procedimento;Concurso público;Aquisição de bens móveis;6;2;https://community.vortal.biz/Public/public-tender-documents/QURINzUzT2tXK29NNzQ1UE1oQXlySTdZdm4wRG5DNFlvSitPUEFhUkozUHBZQkdXT2MydjBEcWpzRXk2dHgvUW93QXZaOVdkOXVsWnNRSk1UTTJPYVE9PXBWKmh4;8552390;false
445/2026;09-01-2026;"262A000017 - Aquisição de Rolo Absorvente Pré-Cortado, ano 2026 e 2027";"Unidade Local de Saúde de Santa Maria, EPE (508481287)";"38.500,00 €";"33140000-3, Material médico de consumo";Anúncio de Alteração;Concurso público;Aquisição de bens móveis;6;2;https://community.vortal.biz/Public/public-tender-documents/R2owT3ZadWNBYVQ3SVlGN1VXZThqV1FoOU5xTXFGQ0Nlc2Vvdm05eTFmMTQ3ajZjMmM5cXJRa3ZoTXQ5ZkQ0eS80UThTYzQrMzBCeE1XK1FBY2RtclE9PSFWSENF;8495909;false
427/2026;09-01-2026;Execução do Programa de Monitorização do Ambiente Marinho (PMAM);"Águas de Santo André, SA (505600005)";"150.000,00 €";"90733100-5, Serviços de monitorização ou controlo da poluição de águas superficiais";Anúncio de Alteração;Concurso público;Aquisição de serviços;6;2;https://www.acingov.pt/acingovprod/2/zonaPublica/zona_publica_c/donwloadProcedurePiece/OTI2OTY5;8269311;false
419/2026;09-01-2026;"Aquisição de serviços de comunicações globais (eletrónicas, fixa e móvel) para os Edifícios e Escolas do Município de Almada";Município de Almada (500051054);"782.222,00 €";"64200000-8, Serviços de telecomunicações";Anúncio de Alteração;Concurso público;Aquisição de serviços;6;2;https://community.vortal.biz/Public/public-tender-documents/N3NLMTJpWjN6ejZrSlVnS1ZXM1BSRVppMlpHQlliOWdhQmpndzYwQlV5WFdyejd6bGw0SVMyejAyNTh4eVVKVEVwdWhjTDIrQkZlQkYrU1dic2swU0E9PXd3U3hv;8257774;false
434/2026;09-01-2026;NOVAS INSTALAÇÕES DA POLÍCIA MUNICIPAL;Município da Maia (505387131);"3.985.350,29 €";"45216110-8, Obras de construção de edifícios destinados às forças policiais";Anúncio de Alteração;Concurso público;Empreitadas de obras públicas;6;2;https://www.acingov.pt/acingovprod/2/zonaPublica/zona_publica_c/donwloadProcedurePiece/OTk4MTE0;8082228;false
436/2026;09-01-2026;"Empreitada de execução para a ""Substituição da Caixa de Medição de Caudal e Conduta de Água Industrial à Repsol YPF, S.A.""";"Águas de Santo André, SA (505600005)";"900.000,00 €";"45232151-5, Obras de renovação de condutas de água";Anúncio de Alteração;Concurso público;Empreitadas de obras públicas;6;2;https://www.acingov.pt/acingovprod/2/zonaPublica/zona_publica_c/donwloadProcedurePiece/OTkyOTc4;8076950;false
428/2026;09-01-2026;Empreitada de Reabilitação do Emissário do Jamor - Fase I;"Águas do Tejo Atlântico, SA (514387130)";"2.300.000,00 €";"45232460-4, Obras de saneamento";Anúncio de Alteração;Concurso público;Empreitadas de obras públicas;6;2;https://www.acingov.pt/acingovprod/2/zonaPublica/zona_publica_c/donwloadProcedurePiece/OTk4MTY2;8076556;false
421/2026;09-01-2026;Empreitada de Construção do Segundo Campo de Golfe do Porto Santo- Primeira Fase;"Sociedade de Desenvolvimento do Porto Santo, SA (511131879)";"6.155.811,90 €";"45200000-9, Obras de construção total ou parcial e de engenharia civil";Anúncio de Alteração;Concurso público;Empreitadas de obras públicas;6;2;https://www.acingov.pt/acingovprod/2/zonaPublica/zona_publica_c/donwloadProcedurePiece/OTkyODA3;8015560;false
